{
  "generated_at": "2025-11-06T18:40:00",
  "description": "Patch GOLD inter-famiglia (cross) – collegamenti tra famiglie CTF, CTL, VCEM, CTCEM e compatibilità d’uso",
  "items": [
    {
      "id": "CROSS-1001",
      "family": "CROSS",
      "tags": [
        "CTF",
        "CTL",
        "compatibilità",
        "acciaio",
        "legno"
      ],
      "response_variants": {
        "gold": {
          "it": "I connettori CTF e CTL non sono intercambiabili perché lavorano su strutture diverse: i CTF collegano travi in acciaio (o lamiera grecata) alla soletta in calcestruzzo, mentre i CTL sono studiati per solai misti legno-calcestruzzo. Usare CTF su travi in legno o CTL su acciaio non è ammesso perché la forma del gambo, il tipo di ancoraggio e la modalità di posa sono ottimizzati per il materiale di base. In pratica: acciaio/lamiera → CTF con P560; legno → CTL o CTL MAXI con vite dedicata. Forzare un sistema sull’altro compromette la collaborazione strutturale e annulla la validità delle prove di tipo."
        }
      }
    },
    {
      "id": "CROSS-1002",
      "family": "CROSS",
      "tags": [
        "VCEM",
        "CTCEM",
        "confronto",
        "laterocemento"
      ],
      "response_variants": {
        "gold": {
          "it": "VCEM e CTCEM sono due varianti di connettori per solai in laterocemento, ma con differenti modalità di trasferimento degli sforzi. Il VCEM è una vite metallica chimicamente ancorata nel travetto mediante resina, adatta a travetti in buone condizioni con calcestruzzo integro. Il CTCEM aggiunge una piastra metallica superiore che ripartisce gli sforzi su una zona più ampia della soletta, risultando più indicato quando il travetto è indebolito, degradato o con copriferro ridotto. Per travetti sani si può usare VCEM; nei casi di recupero o in presenza di dubbi sulla qualità del calcestruzzo è preferibile CTCEM, sempre su verifica di progetto."
        }
      }
    },
    {
      "id": "CROSS-1003",
      "family": "CROSS",
      "tags": [
        "DIAPASON",
        "VCEM",
        "CTCEM",
        "recupero",
        "rinforzo"
      ],
      "response_variants": {
        "gold": {
          "it": "Il sistema DIAPASON rappresenta un approccio diverso rispetto ai connettori puntuali VCEM/CTCEM: invece di agire solo su singoli punti di collegamento travetto-soletta, lavora come rinforzo diffuso del solaio in laterocemento esistente. VCEM e CTCEM sono indicati quando si vuole migliorare la collaborazione locale tra travetto e getto integrativo, con travetti sostanzialmente integri. DIAPASON è più adatto quando il solaio presenta diffuse carenze di rigidezza, fessurazioni o degrado e si vuole intervenire con una soluzione che distribuisca gli sforzi su una superficie più ampia, migliorando in modo globale il comportamento del solaio esistente."
        }
      }
    },
    {
      "id": "CROSS-1004",
      "family": "CROSS",
      "tags": [
        "scelta sistema",
        "legno",
        "acciaio",
        "laterocemento"
      ],
      "response_variants": {
        "gold": {
          "it": "La scelta tra CTF, CTL/CTL MAXI, VCEM/CTCEM e DIAPASON dipende innanzitutto dal tipo di solaio esistente: travi in acciaio o lamiera grecata → connettori CTF; travi in legno → connettori CTL o CTL MAXI; solai in laterocemento con travetti in c.a. → connettori VCEM o CTCEM; solai in laterocemento con diffuse carenze di rigidezza o degrado importante → sistemi DIAPASON. Una volta identificata la famiglia corretta, si valuta lo stato di conservazione, le luci, i carichi e gli obiettivi di prestazione (rigidezza, vibrazioni, incremento di capacità portante) per scegliere la variante più idonea all’interno della famiglia selezionata."
        }
      }
    },
    {
      "id": "CROSS-1005",
      "family": "CROSS",
      "tags": [
        "progettazione",
        "verifiche",
        "normativa"
      ],
      "response_variants": {
        "gold": {
          "it": "Indipendentemente dal tipo di connettore utilizzato (CTF, CTL, VCEM, CTCEM o DIAPASON), il dimensionamento del solaio misto deve essere sempre eseguito da un tecnico abilitato sulla base delle Norme Tecniche per le Costruzioni e dei relativi documenti applicativi. I connettori non sostituiscono il progetto strutturale: forniscono solo i valori caratteristici di resistenza e le modalità di impiego. Il progettista deve verificare le tensioni nei materiali, la fessurazione, le deformazioni (anche a lungo termine) e la resistenza globale del solaio, includendo eventuali azioni sismiche. Nei casi complessi o di recupero su edifici esistenti è buona pratica confrontarsi con l’ufficio tecnico del produttore per confermare la scelta del sistema."
        }
      }
    },
    {
      "id": "CROSS-1006",
      "family": "CROSS",
      "tags": [
        "vibrazioni",
        "rigidezza",
        "comfort"
      ],
      "response_variants": {
        "gold": {
          "it": "L’incremento di rigidezza ottenuto con i sistemi misti (CTF, CTL/CTL MAXI, VCEM/CTCEM o DIAPASON) riduce generalmente le vibrazioni e migliora il comfort d’uso del solaio. Nei solai in legno l’impiego di CTL/CTL MAXI con adeguata soletta collaborante è spesso risolutivo per vibrazioni eccessive. Nei solai in laterocemento, VCEM/CTCEM migliorano la collaborazione travetto-soletta, mentre DIAPASON agisce come rinforzo diffuso della sezione resistente. In ogni caso, l’effetto sulle vibrazioni va valutato con un calcolo globale del solaio e non solo sulla base dell’aumento di massa o di spessore del getto integrativo."
        }
      }
    },
    {
      "id": "CROSS-1007",
      "family": "CROSS",
      "tags": [
        "errori di scelta",
        "progetto",
        "assistenza tecnica"
      ],
      "response_variants": {
        "gold": {
          "it": "L’errore più frequente nella scelta dei connettori è applicare un sistema pensato per un certo tipo di solaio a una struttura diversa: ad esempio, usare CTF su travi in legno, CTL su travi in acciaio o VCEM su travetti fortemente degradati dove sarebbe più indicato un CTCEM o un sistema tipo DIAPASON. Per ridurre il rischio di errori, è buona norma partire sempre dall’identificazione chiara del solaio esistente (materiale, geometria, stato di conservazione) e, in caso di dubbio, inviare a Tecnaria una documentazione minima (foto, sezioni, schemi) per avere un riscontro sull’idoneità del sistema scelto. Nei casi limite è obbligatorio coinvolgere un progettista strutturale e, se necessario, eseguire prove in sito."
        }
      }
    },
    {
      "id": "CROSS-1008",
      "family": "CROSS",
      "tags": [
        "diagnosi",
        "recupero strutturale",
        "consulenza"
      ],
      "response_variants": {
        "gold": {
          "it": "Nei progetti di recupero strutturale è fondamentale partire da una diagnosi accurata del solaio esistente: tipo di solaio (legno, acciaio, laterocemento), presenza di fessurazioni, deformazioni, fenomeni di corrosione o degrado del calcestruzzo. Solo dopo questa fase è possibile scegliere consapevolmente tra sistemi come CTL/CTL MAXI, CTF, VCEM/CTCEM o DIAPASON. La documentazione fotografica, le prove di estrazione e, quando necessario, saggi locali o analisi dei materiali sono strumenti utili per ridurre l’incertezza. Tecnaria può fornire supporto tecnico sulla scelta del connettore, ma la responsabilità finale del progetto resta in capo al tecnico incaricato."
        }
      }
    },
    {
      "id": "CROSS-VCEMvsCTCEM-0001",
      "family": "CROSS",
      "tags": [
        "VCEM",
        "CTCEM",
        "laterocemento",
        "scelta sistema",
        "comparazione"
      ],
      "response_variants": {
        "gold": {
          "it": "La scelta tra VCEM e CTCEM per un solaio in laterocemento dipende soprattutto dallo stato dei travetti e dagli obiettivi di progetto. VCEM è un connettore a vite con ancoraggio chimico nel travetto in c.a. ed è indicato quando i travetti sono strutturalmente sani, con copriferro sufficiente e calcestruzzo in buone condizioni: in questo caso lavora in modo puntuale garantendo un efficace trasferimento di taglio tra travetto e soletta integrativa. CTCEM, oltre al gambo infisso nel travetto, aggiunge una piastra metallica superiore che ripartisce gli sforzi su una superficie più ampia della soletta: è quindi preferibile quando il travetto è indebolito, presenta fessurazioni diffuse, copriferro ridotto o degrado, oppure quando si vuole aumentare la sicurezza riducendo la concentrazione degli sforzi. In sintesi: travetti integri → VCEM normalmente sufficiente; travetti dubbi o degradati, recuperi spinti o richieste prestazionali elevate → CTCEM, con verifica di progetto e, se necessario, supporto dell’ufficio tecnico Tecnaria."
        }
      }
    }
  ]
}
