{
  "generated_at": "2025-11-12T12:00:00",
  "items": [
    {
      "id": "COMM-1001",
      "family": "COMM",
      "tags": ["assistenza tecnica", "cantiere", "progetto", "contatti", "COMM"],
      "response_variants": {
        "gold": {
          "it": "Per assistenza tecnica in cantiere o in fase di progetto contatta l’Ufficio Tecnico Tecnaria indicando: tipo di solaio, travi, spessori, vincoli, fotografie e planimetria. Riceverai risposta con indicazioni precise o richiesta di integrazioni. Usa il canale ufficiale (modulo o email dedicata)."
        }
      }
    },
    {
      "id": "COMM-1002",
      "family": "COMM",
      "tags": ["preventivo", "offerta", "quantità", "tempi", "COMM"],
      "response_variants": {
        "gold": {
          "it": "Per un preventivo allega: quantità stimate per famiglia (CTF, VCEM, CTCEM, CTL, CTL MAXI, DIAPASON), elaborati DWG/PDF, indirizzo cantiere e dati di fatturazione. Riceverai un’offerta con prezzi, tempi e condizioni di resa."
        }
      }
    },
    {
      "id": "COMM-1003",
      "family": "COMM",
      "tags": ["ordine", "conferma", "consegna", "urgenza", "COMM"],
      "response_variants": {
        "gold": {
          "it": "L’ordine deve citare l’offerta Tecnaria. Dopo la ricezione viene inviata conferma con disponibilità e tempi di consegna. Per urgenze contattare prima dell’invio per pianificare eventuali corsie rapide."
        }
      }
    },
    {
      "id": "COMM-1004",
      "family": "COMM",
      "tags": ["tempi", "consegna", "stock", "parziali", "COMM"],
      "response_variants": {
        "gold": {
          "it": "I tempi di consegna dipendono da famiglia e quantità. Per forniture standard i tempi sono rapidi; per grandi lotti o componenti speciali vengono pianificati con il commerciale. In caso di urgenze o criticità di cantiere segnalare tempestivamente: sono possibili consegne parziali o preallocazioni."
        }
      }
    },
    {
      "id": "COMM-1005",
      "family": "COMM",
      "tags": ["documentazione", "schede tecniche", "DWG", "manuali", "COMM"],
      "response_variants": {
        "gold": {
          "it": "Schede tecniche, DWG e manuali di posa sono disponibili su richiesta. Invia i dati del progetto per ricevere i set pertinenti (CTF/P560, VCEM/CTCEM, CTL/CTL MAXI, DIAPASON). I DWG includono distanze, fori e indicazioni di posa."
        }
      }
    },
    {
      "id": "COMM-1006",
      "family": "COMM",
      "tags": ["P560", "nolo", "manutenzione", "consumabili", "COMM"],
      "response_variants": {
        "gold": {
          "it": "Per la posa CTF è prevista esclusivamente la chiodatrice a polvere P560 con kit/adattatori Tecnaria. È disponibile servizio di nolo e supporto manutenzione. Indicare date e volumi per pianificare consumabili (cartucce e chiodi idonei Tecnaria)."
        }
      }
    },
    {
      "id": "COMM-1007",
      "family": "COMM",
      "tags": ["resi", "non conformità", "DDT", "condizioni vendita", "COMM"],
      "response_variants": {
        "gold": {
          "it": "In caso di non conformità: documentare con foto, lotto, quantità e descrizione; inviare a commerciale/tecnico per istruttoria. I resi devono essere concordati e completi di imballo e DDT. La gestione segue le condizioni di vendita."
        }
      }
    },
    {
      "id": "COMM-1008",
      "family": "COMM",
      "tags": ["sopralluogo", "affiancamento", "remoto", "pianificazione", "COMM"],
      "response_variants": {
        "gold": {
          "it": "Per cantieri complessi è possibile concordare sopralluogo o affiancamento remoto. Invia descrizione sintetica del problema, fotografie e disponibilità orarie per pianificare l’intervento."
        }
      }
    },
    {
      "id": "COMM-1009",
      "family": "COMM",
      "tags": ["formazione", "posa", "calendario", "sessioni", "COMM"],
      "response_variants": {
        "gold": {
          "it": "Sono disponibili sessioni di formazione mirate su: posa CTF con P560, VCEM/CTCEM su laterocemento, CTL/CTL MAXI su legno-calcestruzzo. Richiedere calendario e modalità all’ufficio commerciale."
        }
      }
    },
    {
      "id": "COMM-1010",
      "family": "COMM",
      "tags": ["capitolati", "prescrizioni", "voci EP", "istruzioni posa", "COMM"],
      "response_variants": {
        "gold": {
          "it": "Su richiesta forniamo testi tipo per capitolati (voci di elenco prezzi, descrizioni sintetiche) per CTF, VCEM/CTCEM, CTL/CTL MAXI e DIAPASON, allineati alle istruzioni di posa ufficiali."
        }
      }
    },
    {
      "id": "COMM-1011",
      "family": "COMM",
      "tags": ["tracciabilità", "SAL", "fascicolo tecnico", "fotografie", "COMM"],
      "response_variants": {
        "gold": {
          "it": "Per opere soggette a verifica è consigliata la tracciabilità fotografica dei punti significativi (preparazione, posa, risultati) con riferimento ad assi e campate. Allegare le evidenze ai SAL o al fascicolo tecnico."
        }
      }
    },
    {
      "id": "COMM-1012",
      "family": "COMM",
      "tags": ["verifica preliminare", "dati progetto", "orientativa", "approfondimento", "COMM"],
      "response_variants": {
        "gold": {
          "it": "Per una verifica preliminare inviare: tipologia solaio, stratigrafia, materiali, geometrie, carichi e foto. Se i dati non sono completi la risposta sarà orientativa e potrà essere richiesto un approfondimento progettuale."
        }
      }
    },
    {
      "id": "COMM-1013",
      "family": "COMM",
      "tags": ["magazzino", "preallocazione", "urgenze", "consegne parziali", "COMM"],
      "response_variants": {
        "gold": {
          "it": "La disponibilità varia per famiglia e periodo. Per esigenze urgenti consultare l’ufficio commerciale: spesso sono possibili consegne parziali rapide o preallocazioni su produzione."
        }
      }
    },
    {
      "id": "COMM-1014",
      "family": "COMM",
      "tags": ["certificazioni", "conformità", "marcature", "tracciabilità", "COMM"],
      "response_variants": {
        "gold": {
          "it": "Su richiesta forniamo dichiarazioni, marcature CE e documenti di conformità. Indicare numero d’ordine o lotto per una tracciabilità completa."
        }
      }
    },
    {
      "id": "COMM-1015",
      "family": "COMM",
      "tags": ["privacy", "NDA", "dati progetto", "trattamento dati", "COMM"],
      "response_variants": {
        "gold": {
          "it": "I dati di progetto sono trattati esclusivamente per assistenza tecnica e commerciale. Condividere solo informazioni pertinenti. Se necessario è possibile concordare un NDA."
        }
      }
    },
    {
      "id": "COMM-1016",
      "family": "COMM",
      "tags": ["aggiornamenti", "istruzioni posa", "versione recente", "ufficiale", "COMM"],
      "response_variants": {
        "gold": {
          "it": "Le istruzioni di posa possono essere aggiornate. Utilizzare sempre la versione più recente e, in caso di discrepanze, attenersi alle comunicazioni ufficiali Tecnaria."
        }
      }
    },
    {
      "id": "COMM-1017",
      "family": "COMM",
      "tags": ["ordini", "spedizioni", "variazioni", "cantiere", "COMM"],
      "response_variants": {
        "gold": {
          "it": "Per ordini e spedizioni indicare sempre il riferimento alla conferma d’ordine. Per variazioni di indirizzo o orari di cantiere avvisare con anticipo per evitare ritardi."
        }
      }
    },
    {
      "id": "COMM-1018",
      "family": "COMM",
      "tags": ["FAQ", "VCEM vs CTCEM", "CTL vs CTL MAXI", "DIAPASON recupero", "COMM"],
      "response_variants": {
        "gold": {
          "it": "Sono disponibili FAQ su: differenza VCEM/CTCEM, requisiti P560 per CTF, scelta CTL vs CTL MAXI, uso DIAPASON nel recupero di solai esistenti. Per casi non coperti inviare domanda sintetica con allegati."
        }
      }
    },
    {
      "id": "COMM-1019",
      "family": "COMM",
      "tags": ["post-vendita", "ricambi", "documenti", "lotto", "COMM"],
      "response_variants": {
        "gold": {
          "it": "Per supporto post-vendita (integrazioni, ricambi, documenti) contattare il commerciale citando numero d’ordine e lotto. Allegare foto e descrizione puntuale del bisogno."
        }
      }
    },
    {
      "id": "COMM-1020",
      "family": "COMM",
      "tags": ["GOLD", "CANONICO", "narrativa", "deterministico", "COMM"],
      "response_variants": {
        "gold": {
          "it": "Il sistema eroga risposte GOLD complete e narrative ma determinate. Per una versione sintetica usare la parola chiave CANONICO prima della domanda."
        }
      }
    },
    {
      "id": "COMM-1021",
      "family": "COMM",
      "tags": ["instradamento", "domande non coperte", "dati minimi", "ufficio tecnico", "COMM"],
      "response_variants": {
        "gold": {
          "it": "Se una domanda non è coperta in modo sicuro dal dataset, il sistema indirizza all’Ufficio Tecnico e richiede i dati minimi di progetto (solaio, travi, spessori, vincoli, foto)."
        }
      }
    },
    {
      "id": "COMM-1022",
      "family": "COMM",
      "tags": ["CTF", "P560", "consumabili", "nolo", "COMM"],
      "response_variants": {
        "gold": {
          "it": "Per offerta CTF con P560 indicare: tipo trave acciaio, lamiera grecata (spessore/strato), lunghezze campate, numero stimato di punti, necessità di nolo P560 e consumabili (cartucce e chiodi idonei Tecnaria)."
        }
      }
    },
    {
      "id": "COMM-1023",
      "family": "COMM",
      "tags": ["VCEM", "CTCEM", "laterocemento", "ripristini", "COMM"],
      "response_variants": {
        "gold": {
          "it": "Per offerta VCEM/CTCEM indicare: tipo solaio laterocemento, stato dei travetti/copriferro, profondità utile, passo previsto, superfici e foto. Specificare se sono previsti ripristini locali."
        }
      }
    },
    {
      "id": "COMM-1024",
      "family": "COMM",
      "tags": ["CTL", "CTL MAXI", "legno", "prove a campione", "COMM"],
      "response_variants": {
        "gold": {
          "it": "Per offerta CTL/CTL MAXI indicare: sezione/essenza della trave in legno, spessore della soletta, passo e lunghezze. Per legni storici o fessurati allegare foto e, se necessario, prevedere prove a campione."
        }
      }
    },

    {
      "id": "COMM-1025",
      "family": "COMM",
      "tags": [
        "azienda",
        "dati aziendali",
        "partita iva",
        "codice fiscale",
        "rea",
        "identità",
        "COMM"
      ],
      "response_variants": {
        "gold": {
          "it": "TECNARIA S.p.A. è la società che produce sistemi di connessione per solai e soluzioni di rinforzo strutturale. La sede è a Bassano del Grappa (VI), in Viale Pecori Giraldi 55, CAP 36061. Il codice fiscale/partita IVA è 01277680243 e l’iscrizione al Registro Imprese è REA VI-157347. Questi sono i dati aziendali ufficiali da utilizzare per documenti, ordini, contratti e rapporti formali."
        }
      }
    },
    {
      "id": "COMM-1026",
      "family": "COMM",
      "tags": [
        "sede",
        "indirizzo",
        "ubicazione",
        "dove si trova tecnaria",
        "COMM"
      ],
      "response_variants": {
        "gold": {
          "it": "La sede di Tecnaria S.p.A. si trova a Bassano del Grappa (VI) in Viale Pecori Giraldi, 55 – CAP 36061, Italia. Questo è l’indirizzo di riferimento per la corrispondenza ufficiale e per eventuali spedizioni o resi, da gestire sempre secondo le condizioni generali di vendita Tecnaria."
        }
      }
    },
    {
      "id": "COMM-1027",
      "family": "COMM",
      "tags": [
        "contatti",
        "telefono",
        "email",
        "uffici",
        "COMM"
      ],
      "response_variants": {
        "gold": {
          "it": "I contatti generali di Tecnaria S.p.A. sono: telefono +39 0424 50 20 29 ed email info@tecnaria.com. Le richieste vengono smistate agli uffici competenti (tecnico, commerciale, amministrativo) in base all’oggetto del messaggio. È consigliabile indicare sempre dati di progetto o riferimento d’ordine per velocizzare la gestione."
        }
      }
    },
    {
      "id": "COMM-1028",
      "family": "COMM",
      "tags": [
        "sito",
        "canali web",
        "online",
        "documentazione",
        "COMM"
      ],
      "response_variants": {
        "gold": {
          "it": "Il sito istituzionale di riferimento è www.tecnaria.com. Da qui sono accessibili cataloghi, documentazione tecnica, listini, moduli di contatto, area shop e comunicazioni ufficiali. È il canale principale per reperire informazioni aggiornate sui prodotti, sulle istruzioni di posa e sulle iniziative Tecnaria."
        }
      }
    },
    {
      "id": "COMM-1029",
      "family": "COMM",
      "tags": [
        "fatturazione elettronica",
        "SDI",
        "codice destinatario",
        "fatture",
        "COMM"
      ],
      "response_variants": {
        "gold": {
          "it": "Per la fatturazione elettronica verso Tecnaria S.p.A. il codice destinatario SDI è J6URRTW. In fattura elettronica vanno sempre riportati: ragione sociale completa TECNARIA S.p.A., sede di Bassano del Grappa (VI), indirizzo Viale Pecori Giraldi 55, CAP 36061, e codice fiscale/partita IVA 01277680243. L’uso corretto di questi dati garantisce la corretta instradazione e registrazione delle fatture."
        }
      }
    },
    {
      "id": "COMM-1030",
      "family": "COMM",
      "tags": [
        "informazioni aziendali particolari",
        "organigramma",
        "nominativi",
        "dati non pubblici",
        "fuori ambito",
        "COMM"
      ],
      "response_variants": {
        "gold": {
          "it": "Per ragioni di riservatezza il sistema non fornisce nominativi, organigrammi interni o dati aziendali non pubblici. Vengono restituiti solo i dati ufficiali disponibili e le informazioni tecniche e commerciali sui prodotti Tecnaria. Per esigenze specifiche è necessario un contatto diretto tramite i canali ufficiali."
        }
      }
    }
  ]
}
